faaaaaaaaa,,(無題),aaaaaaaaaaaaaaaaa,none,,$2y$10$rpiyhJQe2AzfCQql/znWnebuPaq9vr/7m6G9E9N2y0d.DKedu/9vm,"2020-08-20 15:31:28"
faaaaaaaaa,,(無題),aaaaaaaaaaaaaaaaa,none,,$2y$10$rpiyhJQe2AzfCQql/znWnebuPaq9vr/7m6G9E9N2y0d.DKedu/9vm,"2020-08-20 15:31:28"
faaaaaaaaa,,(無題),aaaaaaaaaaaaaaaaa,none,,$2y$10$rpiyhJQe2AzfCQql/znWnebuPaq9vr/7m6G9E9N2y0d.DKedu/9vm,"2020-08-20 15:31:28"
faaaaaaaaa,,(無題),aaaaaaaaaaaaaaaaa,none,,$2y$10$rpiyhJQe2AzfCQql/znWnebuPaq9vr/7m6G9E9N2y0d.DKedu/9vm,"2020-08-20 15:31:28"
faaaaaaaaa,,(無題),aaaaaaaaaaaaaaaaa,none,,$2y$10$rpiyhJQe2AzfCQql/znWnebuPaq9vr/7m6G9E9N2y0d.DKedu/9vm,"2020-08-20 15:31:28"
faaaaaaaaa,,(無題),aaaaaaaaaaaaaaaaa,none,,$2y$10$rpiyhJQe2AzfCQql/znWnebuPaq9vr/7m6G9E9N2y0d.DKedu/9vm,"2020-08-20 15:31:28"
i,,(無題),i,none,,$2y$10$bfzJNgNFFgX8d/NOVTO3s.swHdUOxQ7mW56mlBDLsJMcHuhE5JvJ6,"2020-08-20 16:50:02"
a,,(無題),a,none,,$2y$10$bO.x2ppmfuqeN8x995gDl.5j.Q1PqHMzh9FucgoVuMW76WcHIzKp6,"2020-08-20 16:51:31"
p,,(無題),p,none,,$2y$10$1B.8gY2NKYPrHgzRFdnLm.VvpcDmBua0xaGzfaPcymfhxeJwGLniO,"2020-08-20 16:52:25"
p,,(無題),p,none,,$2y$10$9boaQyaFJqIEnbt.SmStGeBICjYkVzkVItCGab/VBpZNbrdHPaoDG,"2020-08-20 16:53:00"
a,,(無題),a,none,,$2y$10$IMvZObG3JuywDvP05/rWIu6f66tGWUUQRQdXm6qMUD7EbcuY9.N.i,"2020-08-20 16:54:18"
